{"cameraMode":{"drawMode":0,"name":"Shaded","section":"Shading Mode"},"sceneLighting":true,"audioPlay":false,"sceneViewState":{"m_AlwaysRefresh":false,"showFog":true,"showSkybox":true,"showFlares":true,"showImageEffects":true,"showParticleSystems":true,"showVisualEffectGraphs":true,"m_FxEnabled":true},"in2DMode":false,"pivot":{"x":-5.190109729766846,"y":-4.982643127441406,"z":9.434123992919922},"rotation":{"x":-0.1902395635843277,"y":-0.007365961093455553,"z":0.0014275372959673405,"w":-0.9817153811454773},"size":11.863929748535157,"orthographic":false}